handle,title,vendor,product_type,category,sku,variant_index,option1,option2,option3,published,status
embudo-conector-de-bajada-pvc-para-canaleta-100mm,Embudo Conector de Bajada PVC para Canaleta (100mm),BMC URUGUAY,Accesorio,Hardware > Building Materials > Roofing > Gutter Accessories,CONBPVC,1,Default Title,,,True,active
hm-rubber-hm-solv-solvencte-para-caucho-liquido,HM-rubber - HM Solv. (Solvente para caucho líquido),BMC URUGUAY,Accesorio,Hardware > Building Consumables > Protective Coatings & Sealants > Protective Coatings,,1,Lata 1 Litro,,,True,active
hm-rubber-hm-solv-solvencte-para-caucho-liquido,HM-rubber - HM Solv. (Solvente para caucho líquido),BMC URUGUAY,Accesorio,Hardware > Building Consumables > Protective Coatings & Sealants > Protective Coatings,,2,Bidón 10 Litros,,,True,active
hm-sellador-de-grafeno-balde-18-kg-linea-industrial,HM-rubber Sellador de Grafeno - Balde (18 kg) - Línea Industrial,BMC URUGUAY,Accesorio,Hardware > Building Consumables > Protective Coatings & Sealants > Protective Coatings,,1,Default Title,,,True,active
hm-doble-funcion-balde-18-kg-linea-industrial,HM-rubber Caucho líquido Doble Función Premium - Balde (18 kg) - Línea Industrial,BMC URUGUAY,Accesorio,Hardware > Building Consumables > Protective Coatings & Sealants > Protective Coatings,,1,Default Title,,,True,active
hm-rubber-malla-estructurante,HM-rubber - Malla Estructurante (10 cm x 50 m),BMC URUGUAY,Accesorio,Hardware > Building Consumables > Protective Coatings & Sealants > Protective Coatings,,1,Default Title,,,True,active
hm-rubber-impertech-3-en-1-balde-14-kg,HM-rubber - Impertech 3 en 1 - Balde (14 kg.),BMC URUGUAY,Accesorio,Hardware > Building Consumables > Protective Coatings & Sealants > Protective Coatings,,1,blanco,,,True,active
hm-rubber-sellador-flex-pro-lata-900-ml,HM-rubber Caucho Líquido Base - Balde (18 kg) - Línea Industrial,BMC URUGUAY,Accesorio,Hardware > Building Consumables > Protective Coatings & Sealants > Protective Coatings,,1,Default Title,,,True,active
hm-rubber-caucho-liquido-7-en-1-lata-3-6-kg,"HM-rubber - Caucho Líquido 7 en 1 - Lata (3,6 kg)",BMC URUGUAY,Accesorio,Hardware > Building Consumables > Protective Coatings & Sealants > Protective Coatings,,1,negro,,,True,active
hm-rubber-caucho-liquido-7-en-1-lata-3-6-kg,"HM-rubber - Caucho Líquido 7 en 1 - Lata (3,6 kg)",BMC URUGUAY,Accesorio,Hardware > Building Consumables > Protective Coatings & Sealants > Protective Coatings,,2,blanco,,,True,active
hm-rubber-caucho-liquido-7-en-1-lata-3-6-kg,"HM-rubber - Caucho Líquido 7 en 1 - Lata (3,6 kg)",BMC URUGUAY,Accesorio,Hardware > Building Consumables > Protective Coatings & Sealants > Protective Coatings,,3,gris,,,True,active
hm-rubber-caucho-liquido-7-en-1-lata-900-ml,HM-rubber - Caucho Líquido 7 en 1  - Lata (900 ml),BMC URUGUAY,Accesorio,Hardware > Building Consumables > Protective Coatings & Sealants > Protective Coatings,,1,negro,,,True,active
hm-rubber-caucho-liquido-7-en-1-lata-900-ml,HM-rubber - Caucho Líquido 7 en 1  - Lata (900 ml),BMC URUGUAY,Accesorio,Hardware > Building Consumables > Protective Coatings & Sealants > Protective Coatings,,2,blanco,,,True,active
hm-rubber-caucho-liquido-7-en-1-lata-900-ml,HM-rubber - Caucho Líquido 7 en 1  - Lata (900 ml),BMC URUGUAY,Accesorio,Hardware > Building Consumables > Protective Coatings & Sealants > Protective Coatings,,3,gris,,,True,active
hm-rubber-aerosol-caucho-liquido-7-en-1-goma-liquida,HM-rubber - Caucho Líquido 7 en 1 - Spray Aerosol (240g / 400ml),BMC URUGUAY,Accesorio,Hardware > Building Consumables > Protective Coatings & Sealants > Protective Coatings,,1,negro,,,True,active
hm-rubber-aerosol-caucho-liquido-7-en-1-goma-liquida,HM-rubber - Caucho Líquido 7 en 1 - Spray Aerosol (240g / 400ml),BMC URUGUAY,Accesorio,Hardware > Building Consumables > Protective Coatings & Sealants > Protective Coatings,,2,blanco,,,True,active
hm-rubber-aerosol-caucho-liquido-7-en-1-goma-liquida,HM-rubber - Caucho Líquido 7 en 1 - Spray Aerosol (240g / 400ml),BMC URUGUAY,Accesorio,Hardware > Building Consumables > Protective Coatings & Sealants > Protective Coatings,,3,gris,,,True,active
hm-rubber-aerosol-caucho-liquido-7-en-1-goma-liquida,HM-rubber - Caucho Líquido 7 en 1 - Spray Aerosol (240g / 400ml),BMC URUGUAY,Accesorio,Hardware > Building Consumables > Protective Coatings & Sealants > Protective Coatings,,4,plateado,,,True,active
babeta-isodec-adosar,BABETA ISODEC - Adosar,My Store,,Hardware > Building Materials > Roofing > Roof Flashings,,1,Blanco,,,True,active
babeta-isodec-adosar,BABETA ISODEC - Adosar,My Store,,Hardware > Building Materials > Roofing > Roof Flashings,,2,Gris,,,True,active
babeta-isodec-adosar,BABETA ISODEC - Adosar,My Store,,Hardware > Building Materials > Roofing > Roof Flashings,,3,Rojo,,,True,active
tuerca-hexagonal-bsw-5-16,"TUERCA HEXAGONAL BSW 5/16""",BMC URUGUAY,,Hardware > Hardware Accessories > Hardware Fasteners > Nuts & Bolts,,1,Default Title,,,True,active
perfil-aluminizado-5852-anodizado-estructural-de-6-8-mts,"ÁNGULO DE ALUMINIO ANODIZADO 5852 - (Estructural de 6,8 mts)",BMC URUGUAY,,Business & Industrial > Construction > Raw Structural Components,,1,Default Title,,,True,active
pistola-para-silicona-bromplast,Aplicador para Silicona Bromplast,BMC URUGUAY,,Hardware > Tools > Caulking Tools > Caulking Guns,,1,Default Title,,,True,active
varilla-roscada-bsw-5_16,"VARILLA ROSCADA BSW 5/16""",BMC URUGUAY,,Hardware > Hardware Accessories > Dowel Pins & Rods,,1,Default Title,,,True,active
varilla-roscada-bsw-3_8,"VARILLA ROSCADA BSW 3/8""",BMC URUGUAY,,Hardware > Hardware Accessories > Hardware Fasteners > Threaded Rods,,1,Default Title,,,True,active
tornillos-punta-mecha-4-pulgadas,Tornillos Punta  Mecha 4 pulgadas 14x4 (10 unidades),BMC URUGUAY,,Hardware > Hardware Accessories > Hardware Fasteners > Screws > Roofing Screws,,1,Default Title,,,True,active
tornillos-punta-aguja-5-pulgadas,Tornillos  Punta Aguja 5 pulgadas,BMC URUGUAY,,Hardware > Hardware Accessories > Hardware Fasteners > Screws > Sheet Metal Screws,,1,Default Title,,,True,active
taco-expansivo-5-16-para-hormigon-drop-in,"Taco Expansivo 5/16"" - para Hormigón - Drop In",BMC URUGUAY,,Hardware > Building Materials > Rebar & Remesh > Rebar,,1,Default Title,,,True,active
tornillo-t1-p-mecha-01,Tornillo T1 P. Mecha,BMC URUGUAY,,Hardware > Hardware Accessories > Hardware Fasteners > Screws,,1,Default Title,,,True,active
silicona-neutra-pomo-premium,Silicona Neutra (Pomo) PREMIUM,BMC URUGUAY,,Uncategorized,,1,Default Title,,,True,active
remache-pop-5-32-x-1-2-zinc-blanco,Remache POP 5/32 x 1/2 Zinc Blanco,BMC URUGUAY,,Hardware > Hardware Accessories > Hardware Fasteners > Rivets,,1,Default Title,,,True,active
membrana-auto-adhesiva,Membrana Auto-adhesiva,BMC URUGUAY,,Hardware > Building Consumables > Hardware Tape > Duct Tape,,1,Default Title,,,True,active
kit-anclaje-a-h-tornillo-n-º-10-arandela-taco,Kit Anclaje a H° - Tornillo N.º 10 + arandela + taco,BMC URUGUAY,,Hardware > Hardware Accessories > Hardware Fasteners > Drywall Anchors,,1,Default Title,,,True,active
espuma-poliuretano-expansiva,Espuma Poliuretano Expansiva,BMC URUGUAY,,Hardware > Building Consumables > Protective Coatings & Sealants > Protective Coatings,,1,Default Title,,,True,active
arandela-plana-galvanizada-5-16,Arandela plana Galvanizada 5/16,BMC URUGUAY,,Hardware > Hardware Accessories > Hardware Fasteners > Washers,,1,Default Title,,,True,active
arandela-plana-galv-3-8,"Arandela Plana Galvanizada 3/8""",BMC URUGUAY,,Uncategorized,,1,Default Title,,,True,active
babeta-de-empotrar-lateral-isoroof,Babeta de Empotrar Lateral - ISOROOF,BMC URUGUAY,,Uncategorized,,1,Gris,,,True,active
babeta-de-empotrar-lateral-isoroof,Babeta de Empotrar Lateral - ISOROOF,BMC URUGUAY,,Uncategorized,,2,Rojo,,,True,active
babeta-de-empotrar-lateral-isoroof,Babeta de Empotrar Lateral - ISOROOF,BMC URUGUAY,,Uncategorized,,3,Blanco,,,True,active
isoroof-3g-gris-rojo-blanco-bromyros,ISOROOF. 3G.,Bromyros by KINGSPAN,Panel Aislante,Hardware > Building Materials > Roofing,Subido con Éxito,1,30 mm,Gris,,True,active
isoroof-3g-gris-rojo-blanco-bromyros,ISOROOF. 3G.,Bromyros by KINGSPAN,Panel Aislante,Hardware > Building Materials > Roofing,Subido con Éxito,2,30 mm,Rojo,,True,active
isoroof-3g-gris-rojo-blanco-bromyros,ISOROOF. 3G.,Bromyros by KINGSPAN,Panel Aislante,Hardware > Building Materials > Roofing,,3,30 mm,Blanco (mínimo de 500 m2),,True,active
isoroof-3g-gris-rojo-blanco-bromyros,ISOROOF. 3G.,Bromyros by KINGSPAN,Panel Aislante,Hardware > Building Materials > Roofing,,4,50mm,Gris,,True,active
isoroof-3g-gris-rojo-blanco-bromyros,ISOROOF. 3G.,Bromyros by KINGSPAN,Panel Aislante,Hardware > Building Materials > Roofing,,5,50mm,Rojo,,True,active
isoroof-3g-gris-rojo-blanco-bromyros,ISOROOF. 3G.,Bromyros by KINGSPAN,Panel Aislante,Hardware > Building Materials > Roofing,,6,50mm,Blanco (mínimo de 500 m2),,True,active
isoroof-3g-gris-rojo-blanco-bromyros,ISOROOF. 3G.,Bromyros by KINGSPAN,Panel Aislante,Hardware > Building Materials > Roofing,,7,80mm,Gris,,True,active
isoroof-3g-gris-rojo-blanco-bromyros,ISOROOF. 3G.,Bromyros by KINGSPAN,Panel Aislante,Hardware > Building Materials > Roofing,,8,80mm,Rojo,,True,active
isoroof-3g-gris-rojo-blanco-bromyros,ISOROOF. 3G.,Bromyros by KINGSPAN,Panel Aislante,Hardware > Building Materials > Roofing,,9,80mm,Blanco (mínimo de 500 m2),,True,active
tuerca-bsw-3-8-galvanizada,TUERCA HEXAGONAL BSW 3/8,BMC URUGUAY,,Hardware > Hardware Accessories > Hardware Fasteners > Nuts & Bolts,,1,Default Title,,,True,active
taco-expansivo-3-8-para-hormigon,Taco Expansivo 3/8 - para Hormigón - Drop In,BMC URUGUAY,,Uncategorized,,1,Default Title,,,True,active
arandela-carrocero-3-8-galvanizada,"ARANDELA CARROCERO 3/8"" - Galvanizada",BMC URUGUAY,,Hardware > Hardware Accessories > Hardware Fasteners > Washers,,1,Default Title,,,True,active
arandela-polipropileno-tortuga,"ARANDELA DE POLIPROPILENO - ""Tortuga""",BMC URUGUAY,,Animals & Pet Supplies > Pet Supplies > Pet Collars & Harnesses > Standard Collars,,1,Blanco,,,True,active
arandela-polipropileno-tortuga,"ARANDELA DE POLIPROPILENO - ""Tortuga""",BMC URUGUAY,,Animals & Pet Supplies > Pet Supplies > Pet Collars & Harnesses > Standard Collars,,2,Gris,,,True,active
arandela-polipropileno-tortuga,"ARANDELA DE POLIPROPILENO - ""Tortuga""",BMC URUGUAY,,Animals & Pet Supplies > Pet Supplies > Pet Collars & Harnesses > Standard Collars,,3,Rojo,,,True,active
iroof80-pls,ISOROOF PLUS. 3G.,KINGSPAN,Panel,Uncategorized,Subido con Éxito,1,80 mm,Gris,,True,active
iroof80-pls,ISOROOF PLUS. 3G.,KINGSPAN,Panel,Uncategorized,Subido con Éxito,2,80 mm,Rojo,,True,active
iroof80-pls,ISOROOF PLUS. 3G.,KINGSPAN,Panel,Uncategorized,,3,80 mm,Blanco,,True,active
iagro30,ISOROOF FOIL. 3G.,KINGSPAN,Panel Aislante,Uncategorized,Subido con Éxito,1,30 mm,Gris,,True,active
iagro30,ISOROOF FOIL. 3G.,KINGSPAN,Panel Aislante,Uncategorized,Subido con Éxito,2,30 mm,Rojo,,True,active
iagro30,ISOROOF FOIL. 3G.,KINGSPAN,Panel Aislante,Uncategorized,,3,50mm,Gris,,True,active
iagro30,ISOROOF FOIL. 3G.,KINGSPAN,Panel Aislante,Uncategorized,,4,50mm,Rojo,,True,active
gotero-lateral-para-isodec-copia,Gotero Lateral y Superior para ISODEC (EPS & PIR),My Store,Accesorio,Hardware > Building Materials > Roofing > Roof Flashings > Drip Edges,,1,50mm (PIR),blanco,,True,active
gotero-lateral-para-isodec-copia,Gotero Lateral y Superior para ISODEC (EPS & PIR),My Store,Accesorio,Hardware > Building Materials > Roofing > Roof Flashings > Drip Edges,,2,50mm (PIR),gris,,True,active
gotero-lateral-para-isodec-copia,Gotero Lateral y Superior para ISODEC (EPS & PIR),My Store,Accesorio,Hardware > Building Materials > Roofing > Roof Flashings > Drip Edges,,3,50mm (PIR),rojo,,True,active
gotero-lateral-para-isodec-copia,Gotero Lateral y Superior para ISODEC (EPS & PIR),My Store,Accesorio,Hardware > Building Materials > Roofing > Roof Flashings > Drip Edges,,4,80mm (PIR),blanco,,True,active
gotero-lateral-para-isodec-copia,Gotero Lateral y Superior para ISODEC (EPS & PIR),My Store,Accesorio,Hardware > Building Materials > Roofing > Roof Flashings > Drip Edges,,5,80mm (PIR),gris,,True,active
gotero-lateral-para-isodec-copia,Gotero Lateral y Superior para ISODEC (EPS & PIR),My Store,Accesorio,Hardware > Building Materials > Roofing > Roof Flashings > Drip Edges,,6,80mm (PIR),rojo,,True,active
gotero-lateral-para-isodec-copia,Gotero Lateral y Superior para ISODEC (EPS & PIR),My Store,Accesorio,Hardware > Building Materials > Roofing > Roof Flashings > Drip Edges,,7,100mm (EPS),blanco,,True,active
gotero-lateral-para-isodec-copia,Gotero Lateral y Superior para ISODEC (EPS & PIR),My Store,Accesorio,Hardware > Building Materials > Roofing > Roof Flashings > Drip Edges,,8,100mm (EPS),gris,,True,active
gotero-lateral-para-isodec-copia,Gotero Lateral y Superior para ISODEC (EPS & PIR),My Store,Accesorio,Hardware > Building Materials > Roofing > Roof Flashings > Drip Edges,,9,100mm (EPS),rojo,,True,active
gotero-lateral-para-isodec-copia,Gotero Lateral y Superior para ISODEC (EPS & PIR),My Store,Accesorio,Hardware > Building Materials > Roofing > Roof Flashings > Drip Edges,,10,120mm (PIR),blanco,,True,active
gotero-lateral-para-isodec-copia,Gotero Lateral y Superior para ISODEC (EPS & PIR),My Store,Accesorio,Hardware > Building Materials > Roofing > Roof Flashings > Drip Edges,,11,120mm (PIR),gris,,True,active
gotero-lateral-para-isodec-copia,Gotero Lateral y Superior para ISODEC (EPS & PIR),My Store,Accesorio,Hardware > Building Materials > Roofing > Roof Flashings > Drip Edges,,12,120mm (PIR),rojo,,True,active
gotero-lateral-para-isodec-copia,Gotero Lateral y Superior para ISODEC (EPS & PIR),My Store,Accesorio,Hardware > Building Materials > Roofing > Roof Flashings > Drip Edges,,13,150mm (EPS),blanco,,True,active
gotero-lateral-para-isodec-copia,Gotero Lateral y Superior para ISODEC (EPS & PIR),My Store,Accesorio,Hardware > Building Materials > Roofing > Roof Flashings > Drip Edges,,14,150mm (EPS),gris,,True,active
gotero-lateral-para-isodec-copia,Gotero Lateral y Superior para ISODEC (EPS & PIR),My Store,Accesorio,Hardware > Building Materials > Roofing > Roof Flashings > Drip Edges,,15,150mm (EPS),rojo,,True,active
gotero-lateral-para-isodec-copia,Gotero Lateral y Superior para ISODEC (EPS & PIR),My Store,Accesorio,Hardware > Building Materials > Roofing > Roof Flashings > Drip Edges,,16,200mm (EPS),blanco,,True,active
gotero-lateral-para-isodec-copia,Gotero Lateral y Superior para ISODEC (EPS & PIR),My Store,Accesorio,Hardware > Building Materials > Roofing > Roof Flashings > Drip Edges,,17,200mm (EPS),gris,,True,active
gotero-lateral-para-isodec-copia,Gotero Lateral y Superior para ISODEC (EPS & PIR),My Store,Accesorio,Hardware > Building Materials > Roofing > Roof Flashings > Drip Edges,,18,200mm (EPS),rojo,,True,active
gotero-lateral-para-isodec-copia,Gotero Lateral y Superior para ISODEC (EPS & PIR),My Store,Accesorio,Hardware > Building Materials > Roofing > Roof Flashings > Drip Edges,,19,250mm (EPS),blanco,,True,active
gotero-lateral-para-isodec-copia,Gotero Lateral y Superior para ISODEC (EPS & PIR),My Store,Accesorio,Hardware > Building Materials > Roofing > Roof Flashings > Drip Edges,,20,250mm (EPS),gris,,True,active
gotero-lateral-para-isodec-copia,Gotero Lateral y Superior para ISODEC (EPS & PIR),My Store,Accesorio,Hardware > Building Materials > Roofing > Roof Flashings > Drip Edges,,21,250mm (EPS),rojo,,True,active
babeta-de-empotrar-superior-3g-isoroof-bmc-reloaded,Babeta de Empotrar Superior 3G - ISOROOF,My Store,,Uncategorized,,1,Gris,,,True,active
babeta-de-empotrar-superior-3g-isoroof-bmc-reloaded,Babeta de Empotrar Superior 3G - ISOROOF,My Store,,Uncategorized,,2,Rojo,,,True,active
babeta-de-empotrar-superior-3g-isoroof-bmc-reloaded,Babeta de Empotrar Superior 3G - ISOROOF,My Store,,Uncategorized,,3,Blanco,,,True,active
isopanel-isodec-eps-cubiertas-bmc-reloaded,ISODEC EPS (Techos y Cubiertas) / 100 - 150 - 200 - 250 mm.,My Store,,Uncategorized,,1,100 mm,Blanco,,True,active
isopanel-isodec-eps-cubiertas-bmc-reloaded,ISODEC EPS (Techos y Cubiertas) / 100 - 150 - 200 - 250 mm.,My Store,,Uncategorized,,2,100 mm,Gris,,True,active
isopanel-isodec-eps-cubiertas-bmc-reloaded,ISODEC EPS (Techos y Cubiertas) / 100 - 150 - 200 - 250 mm.,My Store,,Uncategorized,,3,100 mm,Rojo,,True,active
isopanel-isodec-eps-cubiertas-bmc-reloaded,ISODEC EPS (Techos y Cubiertas) / 100 - 150 - 200 - 250 mm.,My Store,,Uncategorized,,4,150 mm,Blanco,,True,active
isopanel-isodec-eps-cubiertas-bmc-reloaded,ISODEC EPS (Techos y Cubiertas) / 100 - 150 - 200 - 250 mm.,My Store,,Uncategorized,,5,150 mm,Gris,,True,active
isopanel-isodec-eps-cubiertas-bmc-reloaded,ISODEC EPS (Techos y Cubiertas) / 100 - 150 - 200 - 250 mm.,My Store,,Uncategorized,,6,150 mm,Rojo,,True,active
isopanel-isodec-eps-cubiertas-bmc-reloaded,ISODEC EPS (Techos y Cubiertas) / 100 - 150 - 200 - 250 mm.,My Store,,Uncategorized,,7,200 mm,Blanco,,True,active
isopanel-isodec-eps-cubiertas-bmc-reloaded,ISODEC EPS (Techos y Cubiertas) / 100 - 150 - 200 - 250 mm.,My Store,,Uncategorized,,8,200 mm,Gris,,True,active
isopanel-isodec-eps-cubiertas-bmc-reloaded,ISODEC EPS (Techos y Cubiertas) / 100 - 150 - 200 - 250 mm.,My Store,,Uncategorized,,9,200 mm,Rojo,,True,active
isopanel-isodec-eps-cubiertas-bmc-reloaded,ISODEC EPS (Techos y Cubiertas) / 100 - 150 - 200 - 250 mm.,My Store,,Uncategorized,,10,250 mm,Blanco,,True,active
isopanel-isodec-eps-cubiertas-bmc-reloaded,ISODEC EPS (Techos y Cubiertas) / 100 - 150 - 200 - 250 mm.,My Store,,Uncategorized,,11,250 mm,Gris,,True,active
isopanel-isodec-eps-cubiertas-bmc-reloaded,ISODEC EPS (Techos y Cubiertas) / 100 - 150 - 200 - 250 mm.,My Store,,Uncategorized,,12,250 mm,Rojo,,True,active
perfil-lateral-hiansa-panel-becam-bmc-reloaded,Perfil Lateral Izquierdo Hiansa-Panel,My Store,,Hardware > Building Materials > Roofing > Roof Flashings > Drip Edges,,1,Gris,,,True,active
perfil-lateral-hiansa-panel-becam-bmc-reloaded,Perfil Lateral Izquierdo Hiansa-Panel,My Store,,Hardware > Building Materials > Roofing > Roof Flashings > Drip Edges,,2,Terracota,,,True,active
pu20mm-gris-sin-cielorraso-pvc,PU20mm Gris sin Cielorraso ( PVC ),My Store,,,,1,Default Title,,,False,draft
isopanel-eps-paredes-y-fachadas,ISOPANEL EPS (Paredes y Fachadas) / 50 - 100 - 150 - 200 - 250 mm.,My Store,,Uncategorized,,1,50mm,Blanco,,True,active
isopanel-eps-paredes-y-fachadas,ISOPANEL EPS (Paredes y Fachadas) / 50 - 100 - 150 - 200 - 250 mm.,My Store,,Uncategorized,,2,100mm,Blanco,,True,active
isopanel-eps-paredes-y-fachadas,ISOPANEL EPS (Paredes y Fachadas) / 50 - 100 - 150 - 200 - 250 mm.,My Store,,Uncategorized,,3,100mm,Gris,,True,active
isopanel-eps-paredes-y-fachadas,ISOPANEL EPS (Paredes y Fachadas) / 50 - 100 - 150 - 200 - 250 mm.,My Store,,Uncategorized,,4,100mm,Rojo,,True,active
isopanel-eps-paredes-y-fachadas,ISOPANEL EPS (Paredes y Fachadas) / 50 - 100 - 150 - 200 - 250 mm.,My Store,,Uncategorized,,5,150mm,Blanco,,True,active
isopanel-eps-paredes-y-fachadas,ISOPANEL EPS (Paredes y Fachadas) / 50 - 100 - 150 - 200 - 250 mm.,My Store,,Uncategorized,,6,150mm,Gris,,True,active
isopanel-eps-paredes-y-fachadas,ISOPANEL EPS (Paredes y Fachadas) / 50 - 100 - 150 - 200 - 250 mm.,My Store,,Uncategorized,,7,150mm,Rojo,,True,active
isopanel-eps-paredes-y-fachadas,ISOPANEL EPS (Paredes y Fachadas) / 50 - 100 - 150 - 200 - 250 mm.,My Store,,Uncategorized,,8,200mm,Blanco,,True,active
isopanel-eps-paredes-y-fachadas,ISOPANEL EPS (Paredes y Fachadas) / 50 - 100 - 150 - 200 - 250 mm.,My Store,,Uncategorized,,9,200mm,Gris,,True,active
isopanel-eps-paredes-y-fachadas,ISOPANEL EPS (Paredes y Fachadas) / 50 - 100 - 150 - 200 - 250 mm.,My Store,,Uncategorized,,10,200mm,Rojo,,True,active
isopanel-eps-paredes-y-fachadas,ISOPANEL EPS (Paredes y Fachadas) / 50 - 100 - 150 - 200 - 250 mm.,My Store,,Uncategorized,,11,250mm,Blanco,,True,active
isopanel-eps-paredes-y-fachadas,ISOPANEL EPS (Paredes y Fachadas) / 50 - 100 - 150 - 200 - 250 mm.,My Store,,Uncategorized,,12,250mm,Gris,,True,active
isopanel-eps-paredes-y-fachadas,ISOPANEL EPS (Paredes y Fachadas) / 50 - 100 - 150 - 200 - 250 mm.,My Store,,Uncategorized,,13,250mm,Rojo,,True,active
caja-remaches-pop-blancos-para-isopanel-1000-u,Remache POP Blanco (Caja 1000 un.) - Isopanel,My Store,,Uncategorized,,1,Default Title,,,True,active
gotero-frontal-isodec,Gotero Frontal para ISODEC (EPS & PIR),My Store,Accesorio,Hardware > Building Materials > Roofing > Gutter Accessories,,1,50mm (PIR),blanco,,True,active
gotero-frontal-isodec,Gotero Frontal para ISODEC (EPS & PIR),My Store,Accesorio,Hardware > Building Materials > Roofing > Gutter Accessories,,2,50mm (PIR),gris,,True,active
gotero-frontal-isodec,Gotero Frontal para ISODEC (EPS & PIR),My Store,Accesorio,Hardware > Building Materials > Roofing > Gutter Accessories,,3,50mm (PIR),terracota,,True,active
gotero-frontal-isodec,Gotero Frontal para ISODEC (EPS & PIR),My Store,Accesorio,Hardware > Building Materials > Roofing > Gutter Accessories,,4,80mm (PIR),blanco,,True,active
gotero-frontal-isodec,Gotero Frontal para ISODEC (EPS & PIR),My Store,Accesorio,Hardware > Building Materials > Roofing > Gutter Accessories,,5,80mm (PIR),gris,,True,active
gotero-frontal-isodec,Gotero Frontal para ISODEC (EPS & PIR),My Store,Accesorio,Hardware > Building Materials > Roofing > Gutter Accessories,,6,80mm (PIR),terracota,,True,active
gotero-frontal-isodec,Gotero Frontal para ISODEC (EPS & PIR),My Store,Accesorio,Hardware > Building Materials > Roofing > Gutter Accessories,,7,100mm (EPS),blanco,,True,active
gotero-frontal-isodec,Gotero Frontal para ISODEC (EPS & PIR),My Store,Accesorio,Hardware > Building Materials > Roofing > Gutter Accessories,,8,100mm (EPS),gris,,True,active
gotero-frontal-isodec,Gotero Frontal para ISODEC (EPS & PIR),My Store,Accesorio,Hardware > Building Materials > Roofing > Gutter Accessories,,9,100mm (EPS),terracota,,True,active
gotero-frontal-isodec,Gotero Frontal para ISODEC (EPS & PIR),My Store,Accesorio,Hardware > Building Materials > Roofing > Gutter Accessories,,10,120mm (PIR),blanco,,True,active
gotero-frontal-isodec,Gotero Frontal para ISODEC (EPS & PIR),My Store,Accesorio,Hardware > Building Materials > Roofing > Gutter Accessories,,11,120mm (PIR),gris,,True,active
gotero-frontal-isodec,Gotero Frontal para ISODEC (EPS & PIR),My Store,Accesorio,Hardware > Building Materials > Roofing > Gutter Accessories,,12,120mm (PIR),terracota,,True,active
gotero-frontal-isodec,Gotero Frontal para ISODEC (EPS & PIR),My Store,Accesorio,Hardware > Building Materials > Roofing > Gutter Accessories,,13,150mm (EPS),blanco,,True,active
gotero-frontal-isodec,Gotero Frontal para ISODEC (EPS & PIR),My Store,Accesorio,Hardware > Building Materials > Roofing > Gutter Accessories,,14,150mm (EPS),gris,,True,active
gotero-frontal-isodec,Gotero Frontal para ISODEC (EPS & PIR),My Store,Accesorio,Hardware > Building Materials > Roofing > Gutter Accessories,,15,150mm (EPS),terracota,,True,active
gotero-frontal-isodec,Gotero Frontal para ISODEC (EPS & PIR),My Store,Accesorio,Hardware > Building Materials > Roofing > Gutter Accessories,,16,200mm (EPS),blanco,,True,active
gotero-frontal-isodec,Gotero Frontal para ISODEC (EPS & PIR),My Store,Accesorio,Hardware > Building Materials > Roofing > Gutter Accessories,,17,200mm (EPS),gris,,True,active
gotero-frontal-isodec,Gotero Frontal para ISODEC (EPS & PIR),My Store,Accesorio,Hardware > Building Materials > Roofing > Gutter Accessories,,18,200mm (EPS),terracota,,True,active
gotero-frontal-isodec,Gotero Frontal para ISODEC (EPS & PIR),My Store,Accesorio,Hardware > Building Materials > Roofing > Gutter Accessories,,19,250mm (EPS),blanco,,True,active
gotero-frontal-isodec,Gotero Frontal para ISODEC (EPS & PIR),My Store,Accesorio,Hardware > Building Materials > Roofing > Gutter Accessories,,20,250mm (EPS),gris,,True,active
gotero-frontal-isodec,Gotero Frontal para ISODEC (EPS & PIR),My Store,Accesorio,Hardware > Building Materials > Roofing > Gutter Accessories,,21,250mm (EPS),terracota,,True,active
gotero-lateral-de-camara-isodec,GOTERO LATERAL de CÁMARA - ISODEC (EPS & PIR),My Store,,Uncategorized,,1,100mm,Blanco,,True,active
gotero-lateral-de-camara-isodec,GOTERO LATERAL de CÁMARA - ISODEC (EPS & PIR),My Store,,Uncategorized,,2,100mm,Gris,,True,active
gotero-lateral-de-camara-isodec,GOTERO LATERAL de CÁMARA - ISODEC (EPS & PIR),My Store,,Uncategorized,,3,100mm,Rojo,,True,active
gotero-lateral-de-camara-isodec,GOTERO LATERAL de CÁMARA - ISODEC (EPS & PIR),My Store,,Uncategorized,,4,150mm,Blanco,,True,active
gotero-lateral-de-camara-isodec,GOTERO LATERAL de CÁMARA - ISODEC (EPS & PIR),My Store,,Uncategorized,,5,150mm,Gris,,True,active
gotero-lateral-de-camara-isodec,GOTERO LATERAL de CÁMARA - ISODEC (EPS & PIR),My Store,,Uncategorized,,6,150mm,Rojo,,True,active
gotero-lateral-de-camara-isodec,GOTERO LATERAL de CÁMARA - ISODEC (EPS & PIR),My Store,,Uncategorized,,7,200mm,Blanco,,True,active
gotero-lateral-de-camara-isodec,GOTERO LATERAL de CÁMARA - ISODEC (EPS & PIR),My Store,,Uncategorized,,8,200mm,Gris,,True,active
gotero-lateral-de-camara-isodec,GOTERO LATERAL de CÁMARA - ISODEC (EPS & PIR),My Store,,Uncategorized,,9,200mm,Rojo,,True,active
gotero-lateral-de-camara-isodec,GOTERO LATERAL de CÁMARA - ISODEC (EPS & PIR),My Store,,Uncategorized,,10,250mm,Blanco,,True,active
gotero-lateral-de-camara-isodec,GOTERO LATERAL de CÁMARA - ISODEC (EPS & PIR),My Store,,Uncategorized,,11,250mm,Gris,,True,active
gotero-lateral-de-camara-isodec,GOTERO LATERAL de CÁMARA - ISODEC (EPS & PIR),My Store,,Uncategorized,,12,250mm,Rojo,,True,active
babeta-de-empotrar-isodec,BABETA ISODEC - Empotrar,My Store,,Hardware > Building Materials > Roofing > Roof Flashings,,1,Blanco,,,True,active
babeta-de-empotrar-isodec,BABETA ISODEC - Empotrar,My Store,,Hardware > Building Materials > Roofing > Roof Flashings,,2,Gris,,,True,active
babeta-de-empotrar-isodec,BABETA ISODEC - Empotrar,My Store,,Hardware > Building Materials > Roofing > Roof Flashings,,3,Rojo,,,True,active
perfiles-u,PERFIL U - (ISOPANEL - ISOWALL - ISOFRIG),My Store,,Uncategorized,,1,Isopanel (EPS),50mm,Blanco,True,active
perfiles-u,PERFIL U - (ISOPANEL - ISOWALL - ISOFRIG),My Store,,Uncategorized,,2,Isopanel (EPS),50mm,Gris,True,active
perfiles-u,PERFIL U - (ISOPANEL - ISOWALL - ISOFRIG),My Store,,Uncategorized,,3,Isopanel (EPS),100mm,Blanco,True,active
perfiles-u,PERFIL U - (ISOPANEL - ISOWALL - ISOFRIG),My Store,,Uncategorized,,4,Isopanel (EPS),100mm,Gris,True,active
perfiles-u,PERFIL U - (ISOPANEL - ISOWALL - ISOFRIG),My Store,,Uncategorized,,5,Isopanel (EPS),150mm,Blanco,True,active
perfiles-u,PERFIL U - (ISOPANEL - ISOWALL - ISOFRIG),My Store,,Uncategorized,,6,Isopanel (EPS),150mm,Gris,True,active
perfiles-u,PERFIL U - (ISOPANEL - ISOWALL - ISOFRIG),My Store,,Uncategorized,,7,Isopanel (EPS),200mm,Blanco,True,active
perfiles-u,PERFIL U - (ISOPANEL - ISOWALL - ISOFRIG),My Store,,Uncategorized,,8,Isopanel (EPS),200mm,Gris,True,active
perfiles-u,PERFIL U - (ISOPANEL - ISOWALL - ISOFRIG),My Store,,Uncategorized,,9,Isopanel (EPS),250mm,Blanco,True,active
perfiles-u,PERFIL U - (ISOPANEL - ISOWALL - ISOFRIG),My Store,,Uncategorized,,10,Isopanel (EPS),250mm,Gris,True,active
perfiles-u,PERFIL U - (ISOPANEL - ISOWALL - ISOFRIG),My Store,,Uncategorized,,11,Isofrig (PIR),40mm,Blanco,True,active
perfiles-u,PERFIL U - (ISOPANEL - ISOWALL - ISOFRIG),My Store,,Uncategorized,,12,Isofrig (PIR),60mm,Blanco,True,active
perfiles-u,PERFIL U - (ISOPANEL - ISOWALL - ISOFRIG),My Store,,Uncategorized,,13,Isofrig (PIR),80mm,Blanco,True,active
perfiles-u,PERFIL U - (ISOPANEL - ISOWALL - ISOFRIG),My Store,,Uncategorized,,14,Isofrig (PIR),100mm,Blanco,True,active
perfiles-u,PERFIL U - (ISOPANEL - ISOWALL - ISOFRIG),My Store,,Uncategorized,,15,Isofrig (PIR),120mm,Blanco,True,active
perfiles-u,PERFIL U - (ISOPANEL - ISOWALL - ISOFRIG),My Store,,Uncategorized,,16,Isofrig (PIR),150mm,Blanco,True,active
perfiles-u,PERFIL U - (ISOPANEL - ISOWALL - ISOFRIG),My Store,,Uncategorized,,17,Isofrig (PIR),180mm,Blanco,True,active
perfiles-u,PERFIL U - (ISOPANEL - ISOWALL - ISOFRIG),My Store,,Uncategorized,,18,Isowall (PIR),50mm,Blanco,True,active
perfiles-u,PERFIL U - (ISOPANEL - ISOWALL - ISOFRIG),My Store,,Uncategorized,,19,Isowall (PIR),50mm,Gris,True,active
perfiles-u,PERFIL U - (ISOPANEL - ISOWALL - ISOFRIG),My Store,,Uncategorized,,20,Isowall (PIR),50mm,Rojo,True,active
perfiles-u,PERFIL U - (ISOPANEL - ISOWALL - ISOFRIG),My Store,,Uncategorized,,21,Isowall (PIR),80mm,Blanco,True,active
perfiles-u,PERFIL U - (ISOPANEL - ISOWALL - ISOFRIG),My Store,,Uncategorized,,22,Isowall (PIR),80mm,Gris,True,active
perfiles-u,PERFIL U - (ISOPANEL - ISOWALL - ISOFRIG),My Store,,Uncategorized,,23,Isowall (PIR),80mm,Rojo,True,active
cumbrera-isodec,CUMBRERA para ISODEC,My Store,,Uncategorized,,1,Blanco,,,True,active
cumbrera-isodec,CUMBRERA para ISODEC,My Store,,Uncategorized,,2,Gris,,,True,active
cumbrera-isodec,CUMBRERA para ISODEC,My Store,,Uncategorized,,3,Rojo,,,True,active
canalon-isodec-kit-completo,CANALÓN ISODEC (EPS & PIR) - KIT COMPLETO,My Store,,Uncategorized,,1,50mm (PIR),Blanco,,True,active
canalon-isodec-kit-completo,CANALÓN ISODEC (EPS & PIR) - KIT COMPLETO,My Store,,Uncategorized,,2,50mm (PIR),Gris,,True,active
canalon-isodec-kit-completo,CANALÓN ISODEC (EPS & PIR) - KIT COMPLETO,My Store,,Uncategorized,,3,50mm (PIR),Rojo,,True,active
canalon-isodec-kit-completo,CANALÓN ISODEC (EPS & PIR) - KIT COMPLETO,My Store,,Uncategorized,,4,80mm (PIR),Blanco,,True,active
canalon-isodec-kit-completo,CANALÓN ISODEC (EPS & PIR) - KIT COMPLETO,My Store,,Uncategorized,,5,80mm (PIR),Gris,,True,active
canalon-isodec-kit-completo,CANALÓN ISODEC (EPS & PIR) - KIT COMPLETO,My Store,,Uncategorized,,6,80mm (PIR),Rojo,,True,active
canalon-isodec-kit-completo,CANALÓN ISODEC (EPS & PIR) - KIT COMPLETO,My Store,,Uncategorized,,7,120mm (PIR),Blanco,,True,active
canalon-isodec-kit-completo,CANALÓN ISODEC (EPS & PIR) - KIT COMPLETO,My Store,,Uncategorized,,8,120mm (PIR),Gris,,True,active
canalon-isodec-kit-completo,CANALÓN ISODEC (EPS & PIR) - KIT COMPLETO,My Store,,Uncategorized,,9,120mm (PIR),Rojo,,True,active
canalon-isodec-kit-completo,CANALÓN ISODEC (EPS & PIR) - KIT COMPLETO,My Store,,Uncategorized,,10,100mm (EPS),Blanco,,True,active
canalon-isodec-kit-completo,CANALÓN ISODEC (EPS & PIR) - KIT COMPLETO,My Store,,Uncategorized,,11,100mm (EPS),Gris,,True,active
canalon-isodec-kit-completo,CANALÓN ISODEC (EPS & PIR) - KIT COMPLETO,My Store,,Uncategorized,,12,100mm (EPS),Rojo,,True,active
canalon-isodec-kit-completo,CANALÓN ISODEC (EPS & PIR) - KIT COMPLETO,My Store,,Uncategorized,,13,150mm (EPS),Blanco,,True,active
canalon-isodec-kit-completo,CANALÓN ISODEC (EPS & PIR) - KIT COMPLETO,My Store,,Uncategorized,,14,150mm (EPS),Gris,,True,active
canalon-isodec-kit-completo,CANALÓN ISODEC (EPS & PIR) - KIT COMPLETO,My Store,,Uncategorized,,15,150mm (EPS),Rojo,,True,active
canalon-isodec-kit-completo,CANALÓN ISODEC (EPS & PIR) - KIT COMPLETO,My Store,,Uncategorized,,16,200mm (EPS),Blanco,,True,active
canalon-isodec-kit-completo,CANALÓN ISODEC (EPS & PIR) - KIT COMPLETO,My Store,,Uncategorized,,17,200mm (EPS),Gris,,True,active
canalon-isodec-kit-completo,CANALÓN ISODEC (EPS & PIR) - KIT COMPLETO,My Store,,Uncategorized,,18,200mm (EPS),Rojo,,True,active
canalon-isodec-kit-completo,CANALÓN ISODEC (EPS & PIR) - KIT COMPLETO,My Store,,Uncategorized,,19,250mm (EPS),Blanco,,True,active
canalon-isodec-kit-completo,CANALÓN ISODEC (EPS & PIR) - KIT COMPLETO,My Store,,Uncategorized,,20,250mm (EPS),Gris,,True,active
canalon-isodec-kit-completo,CANALÓN ISODEC (EPS & PIR) - KIT COMPLETO,My Store,,Uncategorized,,21,250mm (EPS),Rojo,,True,active
soporte-de-canalon-isodec,SOPORTE de CANALÓN - ISODEC (EPS & PIR),My Store,,Uncategorized,,1,Blanco,,,True,active
soporte-de-canalon-isodec,SOPORTE de CANALÓN - ISODEC (EPS & PIR),My Store,,Uncategorized,,2,Gris,,,True,active
soporte-de-canalon-isodec,SOPORTE de CANALÓN - ISODEC (EPS & PIR),My Store,,Uncategorized,,3,Rojo,,,True,active
gotero-frontal-simple-isoroof,Gotero Frontal Simple- ISOROOF,My Store,,Uncategorized,,1,30mm,Rojo,,True,active
gotero-frontal-simple-isoroof,Gotero Frontal Simple- ISOROOF,My Store,,Uncategorized,,2,30mm,Gris,,True,active
gotero-frontal-simple-isoroof,Gotero Frontal Simple- ISOROOF,My Store,,Uncategorized,,3,30mm,Blanco,,True,active
gotero-frontal-simple-isoroof,Gotero Frontal Simple- ISOROOF,My Store,,Uncategorized,,4,50mm,Rojo,,True,active
gotero-frontal-simple-isoroof,Gotero Frontal Simple- ISOROOF,My Store,,Uncategorized,,5,50mm,Gris,,True,active
gotero-frontal-simple-isoroof,Gotero Frontal Simple- ISOROOF,My Store,,Uncategorized,,6,50mm,Blanco,,True,active
gotero-frontal-simple-isoroof,Gotero Frontal Simple- ISOROOF,My Store,,Uncategorized,,7,80mm,Rojo,,True,active
gotero-frontal-simple-isoroof,Gotero Frontal Simple- ISOROOF,My Store,,Uncategorized,,8,80mm,Gris,,True,active
gotero-frontal-simple-isoroof,Gotero Frontal Simple- ISOROOF,My Store,,Uncategorized,,9,80mm,Blanco,,True,active
gotero-superior-3g-isoroof,GOTERO SUPERIOR 3G - ISOROOF,My Store,,Uncategorized,,1,30mm,Gris,,True,active
gotero-superior-3g-isoroof,GOTERO SUPERIOR 3G - ISOROOF,My Store,,Uncategorized,,2,30mm,Rojo,,True,active
gotero-superior-3g-isoroof,GOTERO SUPERIOR 3G - ISOROOF,My Store,,Uncategorized,,3,30mm,Blanco,,True,active
gotero-superior-3g-isoroof,GOTERO SUPERIOR 3G - ISOROOF,My Store,,Uncategorized,,4,50mm,Gris,,True,active
gotero-superior-3g-isoroof,GOTERO SUPERIOR 3G - ISOROOF,My Store,,Uncategorized,,5,50mm,Rojo,,True,active
gotero-superior-3g-isoroof,GOTERO SUPERIOR 3G - ISOROOF,My Store,,Uncategorized,,6,50mm,Blanco,,True,active
gotero-superior-3g-isoroof,GOTERO SUPERIOR 3G - ISOROOF,My Store,,Uncategorized,,7,80mm,Gris,,True,active
gotero-superior-3g-isoroof,GOTERO SUPERIOR 3G - ISOROOF,My Store,,Uncategorized,,8,80mm,Rojo,,True,active
gotero-superior-3g-isoroof,GOTERO SUPERIOR 3G - ISOROOF,My Store,,Uncategorized,,9,80mm,Blanco,,True,active
gotero-frontal-con-greca-isoroof,Gotero Frontal con Greca - ISOROOF,My Store,,Uncategorized,,1,30mm,Gris,,True,active
gotero-frontal-con-greca-isoroof,Gotero Frontal con Greca - ISOROOF,My Store,,Uncategorized,,2,30mm,Rojo,,True,active
gotero-frontal-con-greca-isoroof,Gotero Frontal con Greca - ISOROOF,My Store,,Uncategorized,,3,30mm,Blanco,,True,active
gotero-superior-de-camara-isoroof,Gotero Superior de Cámara - ISOROOF,My Store,,Uncategorized,,1,30mm,Gris,,True,active
gotero-superior-de-camara-isoroof,Gotero Superior de Cámara - ISOROOF,My Store,,Uncategorized,,2,30mm,Rojo,,True,active
gotero-superior-de-camara-isoroof,Gotero Superior de Cámara - ISOROOF,My Store,,Uncategorized,,3,30mm,Blanco,,True,active
gotero-superior-de-camara-isoroof,Gotero Superior de Cámara - ISOROOF,My Store,,Uncategorized,,4,50mm,Gris,,True,active
gotero-superior-de-camara-isoroof,Gotero Superior de Cámara - ISOROOF,My Store,,Uncategorized,,5,50mm,Rojo,,True,active
gotero-superior-de-camara-isoroof,Gotero Superior de Cámara - ISOROOF,My Store,,Uncategorized,,6,50mm,Blanco,,True,active
gotero-superior-de-camara-isoroof,Gotero Superior de Cámara - ISOROOF,My Store,,Uncategorized,,7,80mm,Gris,,True,active
gotero-superior-de-camara-isoroof,Gotero Superior de Cámara - ISOROOF,My Store,,Uncategorized,,8,80mm,Rojo,,True,active
gotero-superior-de-camara-isoroof,Gotero Superior de Cámara - ISOROOF,My Store,,Uncategorized,,9,80mm,Blanco,,True,active
gotero-lateral-isoroof,Gotero Lateral - ISOROOF,My Store,,Hardware > Building Materials > Roofing > Gutter Accessories,,1,30mm,gris,,True,active
gotero-lateral-isoroof,Gotero Lateral - ISOROOF,My Store,,Hardware > Building Materials > Roofing > Gutter Accessories,,2,30mm,rojo,,True,active
gotero-lateral-isoroof,Gotero Lateral - ISOROOF,My Store,,Hardware > Building Materials > Roofing > Gutter Accessories,,3,30mm,blanco,,True,active
gotero-lateral-isoroof,Gotero Lateral - ISOROOF,My Store,,Hardware > Building Materials > Roofing > Gutter Accessories,,4,50mm,gris,,True,active
gotero-lateral-isoroof,Gotero Lateral - ISOROOF,My Store,,Hardware > Building Materials > Roofing > Gutter Accessories,,5,50mm,rojo,,True,active
gotero-lateral-isoroof,Gotero Lateral - ISOROOF,My Store,,Hardware > Building Materials > Roofing > Gutter Accessories,,6,50mm,blanco,,True,active
gotero-lateral-isoroof,Gotero Lateral - ISOROOF,My Store,,Hardware > Building Materials > Roofing > Gutter Accessories,,7,80mm,gris,,True,active
gotero-lateral-isoroof,Gotero Lateral - ISOROOF,My Store,,Hardware > Building Materials > Roofing > Gutter Accessories,,8,80mm,rojo,,True,active
gotero-lateral-isoroof,Gotero Lateral - ISOROOF,My Store,,Hardware > Building Materials > Roofing > Gutter Accessories,,9,80mm,blanco,,True,active
gotero-lateral-de-camara-isoroof,Gotero Lateral de Cámara - Isoroof,My Store,,Hardware > Building Materials > Roofing > Gutter Accessories,,1,50mm,gris,,True,active
gotero-lateral-de-camara-isoroof,Gotero Lateral de Cámara - Isoroof,My Store,,Hardware > Building Materials > Roofing > Gutter Accessories,,2,50mm,rojo,,True,active
gotero-lateral-de-camara-isoroof,Gotero Lateral de Cámara - Isoroof,My Store,,Hardware > Building Materials > Roofing > Gutter Accessories,,3,50mm,blanco,,True,active
gotero-lateral-de-camara-isoroof,Gotero Lateral de Cámara - Isoroof,My Store,,Hardware > Building Materials > Roofing > Gutter Accessories,,4,80mm,gris,,True,active
gotero-lateral-de-camara-isoroof,Gotero Lateral de Cámara - Isoroof,My Store,,Hardware > Building Materials > Roofing > Gutter Accessories,,5,80mm,rojo,,True,active
gotero-lateral-de-camara-isoroof,Gotero Lateral de Cámara - Isoroof,My Store,,Hardware > Building Materials > Roofing > Gutter Accessories,,6,80mm,blanco,,True,active
babeta-de-atornillar-superior-3g-isoroof,Babeta de Atornillar Superior 3G - ISOROOF,My Store,,Hardware > Building Materials > Roofing > Roof Flashings,,1,Gris,,,True,active
babeta-de-atornillar-superior-3g-isoroof,Babeta de Atornillar Superior 3G - ISOROOF,My Store,,Hardware > Building Materials > Roofing > Roof Flashings,,2,Rojo,,,True,active
babeta-de-atornillar-superior-3g-isoroof,Babeta de Atornillar Superior 3G - ISOROOF,My Store,,Hardware > Building Materials > Roofing > Roof Flashings,,3,Blanco,,,True,active
babeta-de-atornillar-lateral-isoroof,Babeta de Atornillar Lateral - ISOROOF,My Store,,Hardware > Building Materials > Roofing > Roof Flashings,,1,Gris,,,True,active
babeta-de-atornillar-lateral-isoroof,Babeta de Atornillar Lateral - ISOROOF,My Store,,Hardware > Building Materials > Roofing > Roof Flashings,,2,Rojo,,,True,active
babeta-de-atornillar-lateral-isoroof,Babeta de Atornillar Lateral - ISOROOF,My Store,,Hardware > Building Materials > Roofing > Roof Flashings,,3,Blanco,,,True,active
canalon-doble-isoroof-bandeja-tapas-agujero-bajada,Canalón Doble - ISOROOF (Perfil + Bandeja + tapas + agujero + bajada),My Store,,Hardware > Building Materials > Roofing > Gutter Accessories,,1,30mm,Gris,,True,active
canalon-doble-isoroof-bandeja-tapas-agujero-bajada,Canalón Doble - ISOROOF (Perfil + Bandeja + tapas + agujero + bajada),My Store,,Hardware > Building Materials > Roofing > Gutter Accessories,,2,30mm,Rojo,,True,active
canalon-doble-isoroof-bandeja-tapas-agujero-bajada,Canalón Doble - ISOROOF (Perfil + Bandeja + tapas + agujero + bajada),My Store,,Hardware > Building Materials > Roofing > Gutter Accessories,,3,30mm,Blanco,,True,active
canalon-doble-isoroof-bandeja-tapas-agujero-bajada,Canalón Doble - ISOROOF (Perfil + Bandeja + tapas + agujero + bajada),My Store,,Hardware > Building Materials > Roofing > Gutter Accessories,,4,50mm,Gris,,True,active
canalon-doble-isoroof-bandeja-tapas-agujero-bajada,Canalón Doble - ISOROOF (Perfil + Bandeja + tapas + agujero + bajada),My Store,,Hardware > Building Materials > Roofing > Gutter Accessories,,5,50mm,Rojo,,True,active
canalon-doble-isoroof-bandeja-tapas-agujero-bajada,Canalón Doble - ISOROOF (Perfil + Bandeja + tapas + agujero + bajada),My Store,,Hardware > Building Materials > Roofing > Gutter Accessories,,6,50mm,Blanco,,True,active
canalon-doble-isoroof-bandeja-tapas-agujero-bajada,Canalón Doble - ISOROOF (Perfil + Bandeja + tapas + agujero + bajada),My Store,,Hardware > Building Materials > Roofing > Gutter Accessories,,7,80mm,Gris,,True,active
canalon-doble-isoroof-bandeja-tapas-agujero-bajada,Canalón Doble - ISOROOF (Perfil + Bandeja + tapas + agujero + bajada),My Store,,Hardware > Building Materials > Roofing > Gutter Accessories,,8,80mm,Rojo,,True,active
canalon-doble-isoroof-bandeja-tapas-agujero-bajada,Canalón Doble - ISOROOF (Perfil + Bandeja + tapas + agujero + bajada),My Store,,Hardware > Building Materials > Roofing > Gutter Accessories,,9,80mm,Blanco,,True,active
galpon-de-jardin-modelo-zorzal,Galpón de Jardín Modelo Zorzal,My Store,,Uncategorized,,1,Default Title,,,True,active
galpon-de-jardin-modelo-cardelino,Galpón de Jardín Modelo Cardelino,My Store,,Uncategorized,,1,Default Title,,,True,active
isofrig-®,ISOFRIG® - Panel Frigorífico - (40 - 60 - 80 - 100 - 120 - 150 - 180 mm),My Store,,Uncategorized,,1,40 mm,,,False,draft
isofrig-®,ISOFRIG® - Panel Frigorífico - (40 - 60 - 80 - 100 - 120 - 150 - 180 mm),My Store,,Uncategorized,,2,60 mm,,,False,draft
isofrig-®,ISOFRIG® - Panel Frigorífico - (40 - 60 - 80 - 100 - 120 - 150 - 180 mm),My Store,,Uncategorized,,3,80 mm,,,False,draft
isofrig-®,ISOFRIG® - Panel Frigorífico - (40 - 60 - 80 - 100 - 120 - 150 - 180 mm),My Store,,Uncategorized,,4,100 mm,,,False,draft
isofrig-®,ISOFRIG® - Panel Frigorífico - (40 - 60 - 80 - 100 - 120 - 150 - 180 mm),My Store,,Uncategorized,,5,120 mm,,,False,draft
isofrig-®,ISOFRIG® - Panel Frigorífico - (40 - 60 - 80 - 100 - 120 - 150 - 180 mm),My Store,,Uncategorized,,6,150 mm,,,False,draft
isofrig-®,ISOFRIG® - Panel Frigorífico - (40 - 60 - 80 - 100 - 120 - 150 - 180 mm),My Store,,Uncategorized,,7,180 mm,,,False,draft
isowall-®-pir,ISOWALL® PIR- Fachadas - (50 mm - 80 mm),My Store,,Uncategorized,,1,50 mm,Blanco,,True,active
isowall-®-pir,ISOWALL® PIR- Fachadas - (50 mm - 80 mm),My Store,,Uncategorized,,2,50 mm,Gris,,True,active
isowall-®-pir,ISOWALL® PIR- Fachadas - (50 mm - 80 mm),My Store,,Uncategorized,,3,50 mm,Rojo,,True,active
isowall-®-pir,ISOWALL® PIR- Fachadas - (50 mm - 80 mm),My Store,,Uncategorized,,4,80 mm,Blanco,,True,active
isowall-®-pir,ISOWALL® PIR- Fachadas - (50 mm - 80 mm),My Store,,Uncategorized,,5,80 mm,Gris,,True,active
isowall-®-pir,ISOWALL® PIR- Fachadas - (50 mm - 80 mm),My Store,,Uncategorized,,6,80 mm,Rojo,,True,active
isodec®-pir,ISODEC® PIR (Techos y Cubiertas) / 50 - 80 - 120 mm.,My Store,,Uncategorized,,1,50 mm,Blanco,,True,active
isodec®-pir,ISODEC® PIR (Techos y Cubiertas) / 50 - 80 - 120 mm.,My Store,,Uncategorized,,2,50 mm,Gris,,True,active
isodec®-pir,ISODEC® PIR (Techos y Cubiertas) / 50 - 80 - 120 mm.,My Store,,Uncategorized,,3,50 mm,Rojo,,True,active
isodec®-pir,ISODEC® PIR (Techos y Cubiertas) / 50 - 80 - 120 mm.,My Store,,Uncategorized,,4,80 mm,Blanco,,True,active
isodec®-pir,ISODEC® PIR (Techos y Cubiertas) / 50 - 80 - 120 mm.,My Store,,Uncategorized,,5,80 mm,Gris,,True,active
isodec®-pir,ISODEC® PIR (Techos y Cubiertas) / 50 - 80 - 120 mm.,My Store,,Uncategorized,,6,80 mm,Rojo,,True,active
isodec®-pir,ISODEC® PIR (Techos y Cubiertas) / 50 - 80 - 120 mm.,My Store,,Uncategorized,,7,120 mm,Blanco,,True,active
isodec®-pir,ISODEC® PIR (Techos y Cubiertas) / 50 - 80 - 120 mm.,My Store,,Uncategorized,,8,120 mm,Gris,,True,active
isodec®-pir,ISODEC® PIR (Techos y Cubiertas) / 50 - 80 - 120 mm.,My Store,,Uncategorized,,9,120 mm,Rojo,,True,active
arandela-trapezoidal-caballete-roof,Caballete - Arandela trapezoidal - ISOROOF,My Store,,Uncategorized,,1,Gris,,,True,active
arandela-trapezoidal-caballete-roof,Caballete - Arandela trapezoidal - ISOROOF,My Store,,Uncategorized,,2,Rojo,,,True,active
arandela-trapezoidal-caballete-roof,Caballete - Arandela trapezoidal - ISOROOF,My Store,,Uncategorized,,3,Blanco,,,True,active
bromplast-8-silicona-neutra,Bromplast 8 - Silicona Neutra,My Store,,Uncategorized,,1,Default Title,,,True,active
soporte-para-canalon-isoroof,Soporte para Canalón - Isoroof,My Store,,Hardware > Building Materials > Roofing > Roof Flashings,,1,Gris,,,True,active
soporte-para-canalon-isoroof,Soporte para Canalón - Isoroof,My Store,,Hardware > Building Materials > Roofing > Roof Flashings,,2,Rojo,,,True,active
soporte-para-canalon-isoroof,Soporte para Canalón - Isoroof,My Store,,Hardware > Building Materials > Roofing > Roof Flashings,,3,Blanco,,,True,active
cumbrera-isoroof-3g,CUMBRERA - ISOROOF 3G,My Store,,Uncategorized,,1,Gris,,,True,active
cumbrera-isoroof-3g,CUMBRERA - ISOROOF 3G,My Store,,Uncategorized,,2,Rojo,,,True,active
cumbrera-isoroof-3g,CUMBRERA - ISOROOF 3G,My Store,,Uncategorized,,3,Blanco,,,True,active
angulo-plegado-g4-40x40,Ángulo G4 - (40x40),My Store,,Uncategorized,,1,Default Title,,,True,active
angulo-interior-perfil-k2,ÁNGULO INTERIOR (Perfil K2),My Store,,Uncategorized,,1,Default Title,,,True,active
hiansa-panel-trapezoidal-5g-becam,Hiansa-Panel (Trapezoidal 5G) - BECAM,My Store,,,,1,Default Title,,,True,active
chapa-prepintada-cal-26-bc18-bc30-bc35-esp-0-41-mm,Chapa Prepintada Cal. 26 - BC18 - BC30 - BC35 / Esp. 0.41 mm,My Store,,,,1,Default Title,,,False,draft
chapa-prepintada-cal-24-bc18-bc30-bc35-esp-0-50-mm,Chapa Prepintada Cal. 24 - BC18 - BC30 - BC35 / Esp. 0.50 mm,My Store,,,,1,Default Title,,,False,draft
chapateja-prepintada-cal-26-esp-0-41-mm,Chapateja Prepintada Cal. 26  / Esp. 0.41 mm,My Store,,,,1,Default Title,,,False,draft
chapateja-prepintada-cal-27-esp-0-41-mm,Chapateja Prepintada Cal. 27  / Esp. 0.41 mm,My Store,,,,1,Default Title,,,False,draft
chapateja-prepintada-cal-24-esp-0-50-mm,Chapateja Prepintada Cal. 24 / Esp. 0.50 mm,My Store,,,,1,Default Title,,,False,draft
autoportante-aluzinc-bc-120-cal-26-esp-0-41-mm,Autoportante Aluzinc BC-120 Cal. 26  / Esp. 0.41 mm,My Store,,,,1,Default Title,,,False,draft
autoportante-aluzinc-bc-120-cal-24-esp-0-50-mm,Autoportante Aluzinc BC-120 Cal. 24 / Esp. 0.50 mm,My Store,,,,1,Default Title,,,False,draft
autoportante-aluzinc-bc-120-cal-22-esp-0-70-mm,Autoportante Aluzinc BC-120 Cal. 22 / Esp. 0.70 mm,My Store,,,,1,Default Title,,,False,draft
autoportante-galvanizado-bc-120-cal-20-esp-0-89-mm,Autoportante Galvanizado BC-120 Cal. 20 / Esp. 0.89 mm,My Store,,,,1,Default Title,,,False,draft
autoportante-galvanizado-bc-120-cal-19-esp-1-11-mm,Autoportante Galvanizado BC-120 Cal. 19 / Esp. 1.11 mm,My Store,,,,1,Default Title,,,False,draft
autoportante-prepintada-cal-26-esp-0-41-mm,Autoportante Prepintada Cal. 26  / Esp. 0.41 mm,My Store,,,,1,Default Title,,,False,draft
autoportante-prepintada-cal-24-esp-0-50-mm,Autoportante Prepintada Cal. 24 / Esp. 0.50 mm,My Store,,,,1,Default Title,,,False,draft
chapa-lisa-aluzinc,Chapa Lisa Aluzinc,My Store,,,,1,Default Title,,,False,draft
chapa-lisa-galvanizada,Chapa Lisa Galvanizada,My Store,,,,1,Default Title,,,False,draft
chapa-trapezoidal-bc-35-prepintada-con-variantes,CHAPA TRAPEZOIDAL (BC-35) PREPINTADA con variantes,My Store,,,,1,Default Title,,,False,draft
cinta-butilo,Cinta Butilo 2mm x 15mm x 22.5m lineales - ISOROOF - ISODEC - ISOPANEL.,My Store,,Uncategorized,,1,Default Title,,,True,active
chapa-trapezoidal-bc-35-aluzinc-con-variantes,CHAPA TRAPEZOIDAL (BC-35) - ALUZINC Con Variantes,My Store,,,,1,Default Title,,,False,draft
angulo-plegado-g2-l-exterior,ÁNGULO EXTERIOR (Perfil G2),My Store,Accesorio,Uncategorized,,1,50mm,Blanco,,True,active
angulo-plegado-g2-l-exterior,ÁNGULO EXTERIOR (Perfil G2),My Store,Accesorio,Uncategorized,,2,50mm,Gris,,True,active
angulo-plegado-g2-l-exterior,ÁNGULO EXTERIOR (Perfil G2),My Store,Accesorio,Uncategorized,,3,50mm,Rojo,,True,active
angulo-plegado-g2-l-exterior,ÁNGULO EXTERIOR (Perfil G2),My Store,Accesorio,Uncategorized,,4,100mm,Blanco,,True,active
angulo-plegado-g2-l-exterior,ÁNGULO EXTERIOR (Perfil G2),My Store,Accesorio,Uncategorized,,5,100mm,Gris,,True,active
angulo-plegado-g2-l-exterior,ÁNGULO EXTERIOR (Perfil G2),My Store,Accesorio,Uncategorized,,6,100mm,Rojo,,True,active
angulo-plegado-g2-l-exterior,ÁNGULO EXTERIOR (Perfil G2),My Store,Accesorio,Uncategorized,,7,150mm,Blanco,,True,active
angulo-plegado-g2-l-exterior,ÁNGULO EXTERIOR (Perfil G2),My Store,Accesorio,Uncategorized,,8,150mm,Gris,,True,active
angulo-plegado-g2-l-exterior,ÁNGULO EXTERIOR (Perfil G2),My Store,Accesorio,Uncategorized,,9,150mm,Rojo,,True,active
angulo-plegado-g2-l-exterior,ÁNGULO EXTERIOR (Perfil G2),My Store,Accesorio,Uncategorized,,10,200mm,Blanco,,True,active
angulo-plegado-g2-l-exterior,ÁNGULO EXTERIOR (Perfil G2),My Store,Accesorio,Uncategorized,,11,250mm,Blanco,,True,active
chapa-sinuzoidal-bc-18-prepintada-con-variantes,CHAPA Sinuzoidal (BC-18) PREPINTADA con variantes,My Store,,,,1,Default Title,,,False,draft
chapa-sinuzoidal-bc-18-aluzinc-con-variables,CHAPA SINUZOIDAL (BC-18) - ALUZINC con variables,My Store,,,,1,Default Title,,,False,draft
frontalin-hiansa-panel,Frontalín Hiansa-Panel,My Store,,Uncategorized,,1,Default Title,,,True,active
perfil-lateral-hiansa-panel-becam,Perfil Lateral Derecho Hiansa-Panel,My Store,,Uncategorized,,1,Default Title,,,True,active
cumbrera-hiansa-panel-5g-becam,Cumbrera Hiansa-panel 5G (BECAM),My Store,,Uncategorized,,1,Default Title,,,True,active
chapa-sinuzoidal-bc-18-prepintada,CHAPA Sinuzoidal (BC-18) PREPINTADA,My Store,,,,1,Default Title,,,False,draft
chapa-sinuzoidal-bc-18-aluzinc,CHAPA SINUZOIDAL (BC-18) - ALUZINC,My Store,,,,1,Default Title,,,False,draft
chapa-trapezoidal-bc-35-aluzinc,CHAPA TRAPEZOIDAL (BC-35) - ALUZINC,My Store,,,,1,Default Title,,,False,draft
chapa-trapezoidal-bc-35-prepintada,CHAPA TRAPEZOIDAL (BC-35) PREPINTADA,My Store,,,,1,Default Title,,,False,draft
